{
    "timestamp": "2026-06-14T05:16:21.789561",
    "model_type": "1D CNN Classification",
    "test_size": 0.3,
    "batch_size": 32,
    "epochs": 15,
    "final_epoch": 15,
    "metrics": {
        "accuracy": 0.7534246575342466,
        "f1_macro": 0.7244211394085848,
        "f1_weighted": 0.7298011694212574,
        "test_loss": 0.6807969808578491
    },
    "training_history": {
        "final_train_loss": 0.7862805128097534,
        "final_val_loss": 0.6807969808578491,
        "final_train_accuracy": 0.6771036982536316,
        "final_val_accuracy": 0.7534246444702148
    },
    "model_comparison": [
        {
            "model_name": "1D CNN",
            "accuracy": 0.7534246575342466,
            "f1_macro": 0.7244211394085848,
            "f1_weighted": 0.7298011694212574
        },
        {
            "model_name": "Decision Tree",
            "accuracy": 0.9041095890410958,
            "f1_macro": 0.9017282885468577,
            "f1_weighted": 0.9036152209541358,
            "confusion_matrix": [
                [
                    52,
                    4,
                    0,
                    0,
                    0,
                    0,
                    0
                ],
                [
                    6,
                    49,
                    0,
                    0,
                    0,
                    4,
                    0
                ],
                [
                    0,
                    0,
                    67,
                    3,
                    2,
                    0,
                    2
                ],
                [
                    0,
                    0,
                    3,
                    59,
                    0,
                    0,
                    0
                ],
                [
                    0,
                    0,
                    0,
                    1,
                    67,
                    0,
                    0
                ],
                [
                    0,
                    2,
                    0,
                    0,
                    0,
                    52,
                    4
                ],
                [
                    0,
                    0,
                    3,
                    2,
                    0,
                    6,
                    50
                ]
            ]
        },
        {
            "model_name": "Random Forest",
            "accuracy": 0.9269406392694064,
            "f1_macro": 0.9232779852571823,
            "f1_weighted": 0.9259172814267723,
            "confusion_matrix": [
                [
                    56,
                    0,
                    0,
                    0,
                    0,
                    0,
                    0
                ],
                [
                    3,
                    50,
                    0,
                    0,
                    0,
                    4,
                    2
                ],
                [
                    0,
                    0,
                    70,
                    2,
                    1,
                    0,
                    1
                ],
                [
                    0,
                    0,
                    0,
                    62,
                    0,
                    0,
                    0
                ],
                [
                    0,
                    0,
                    0,
                    0,
                    68,
                    0,
                    0
                ],
                [
                    0,
                    6,
                    0,
                    0,
                    0,
                    45,
                    7
                ],
                [
                    0,
                    2,
                    2,
                    1,
                    0,
                    1,
                    55
                ]
            ]
        }
    ],
    "best_model": "Random Forest"
}