{
    "train_loss": 0.8086891174316406,
    "val_loss": 0.7109022736549377,
    "train_accuracy": 0.6771036982536316,
    "val_accuracy": 0.7168949842453003,
    "step": 14
}
