{
    "train_loss": 0.7862805128097534,
    "val_loss": 0.6807969808578491,
    "train_accuracy": 0.6771036982536316,
    "val_accuracy": 0.7534246444702148,
    "step": 14
}
