step	train_loss
0	1.9363648891448975
1	1.9163706302642822
2	1.880616545677185
3	1.8166333436965942
4	1.703144907951355
5	1.5635924339294434
6	1.4087415933609009
7	1.2821236848831177
8	1.175327181816101
9	1.0828022956848145
10	0.9931126832962036
11	0.9360688924789429
12	0.8695605397224426
13	0.8341068029403687
14	0.7862805128097534
