step	train_accuracy
0	0.16829745471477509
1	0.1692759245634079
2	0.19471624493598938
3	0.2573385536670685
4	0.3659491240978241
5	0.4178082048892975
6	0.4471624195575714
7	0.5078278183937073
8	0.5420743823051453
9	0.557729959487915
10	0.6027397513389587
11	0.6193737983703613
12	0.6516634225845337
13	0.6702544093132019
14	0.6771036982536316
